altitude,density,temperature,gasconstant,gamma
0,1.225,288.15,287,1.4
100,1.21328,287.5,287,1.4
200,1.20165,286.85,287,1.4
300,1.19011,286.2,287,1.4
400,1.17864,285.55,287,1.4
500,1.16727,284.9,287,1.4
600,1.15598,284.25,287,1.4
700,1.14477,283.6,287,1.4
800,1.13364,282.95,287,1.4
900,1.1226,282.3,287,1.4
1000,1.11164,281.65,287,1.4
1100,1.10077,281,287,1.4
1200,1.08997,280.35,287,1.4
1300,1.07925,279.7,287,1.4
1400,1.06862,279.05,287,1.4
1500,1.05807,278.4,287,1.4
1600,1.04759,277.75,287,1.4
1700,1.0372,277.1,287,1.4
1800,1.02688,276.45,287,1.4
1900,1.01665,275.8,287,1.4
2000,1.00649,275.15,287,1.4
2100,0.99641,274.5,287,1.4
2200,0.986407,273.85,287,1.4
2300,0.976481,273.2,287,1.4
2400,0.966632,272.55,287,1.4
2500,0.956859,271.9,287,1.4
2600,0.947162,271.25,287,1.4
2700,0.93754,270.6,287,1.4
2800,0.927993,269.95,287,1.4
2900,0.91852,269.3,287,1.4
3000,0.909122,268.65,287,1.4
3100,0.899798,268,287,1.4
3200,0.890546,267.35,287,1.4
3300,0.881368,266.7,287,1.4
3400,0.872262,266.05,287,1.4
3500,0.863229,265.4,287,1.4
3600,0.854267,264.75,287,1.4
3700,0.845377,264.1,287,1.4
3800,0.836557,263.45,287,1.4
3900,0.827808,262.8,287,1.4
4000,0.819129,262.15,287,1.4
4100,0.81052,261.5,287,1.4
4200,0.801981,260.85,287,1.4
4300,0.79351,260.2,287,1.4
4400,0.785108,259.55,287,1.4
4500,0.776775,258.9,287,1.4
4600,0.768509,258.25,287,1.4
4700,0.76031,257.6,287,1.4
4800,0.752179,256.95,287,1.4
4900,0.744114,256.3,287,1.4
5000,0.736116,255.65,287,1.4
5100,0.728183,255,287,1.4
5200,0.720317,254.35,287,1.4
5300,0.712515,253.7,287,1.4
5400,0.704778,253.05,287,1.4
5500,0.697106,252.4,287,1.4
5600,0.689497,251.75,287,1.4
5700,0.681953,251.1,287,1.4
5800,0.674471,250.45,287,1.4
5900,0.667053,249.8,287,1.4
6000,0.659697,249.15,287,1.4
6100,0.652404,248.5,287,1.4
6200,0.645172,247.85,287,1.4
6300,0.638002,247.2,287,1.4
6400,0.630892,246.55,287,1.4
6500,0.623844,245.9,287,1.4
6600,0.616856,245.25,287,1.4
6700,0.609928,244.6,287,1.4
6800,0.60306,243.95,287,1.4
6900,0.596251,243.3,287,1.4
7000,0.589501,242.65,287,1.4
7100,0.58281,242,287,1.4
7200,0.576177,241.35,287,1.4
7300,0.569602,240.7,287,1.4
7400,0.563084,240.05,287,1.4
7500,0.556624,239.4,287,1.4
7600,0.55022,238.75,287,1.4
7700,0.543873,238.1,287,1.4
7800,0.537582,237.45,287,1.4
7900,0.531347,236.8,287,1.4
8000,0.525168,236.15,287,1.4
8100,0.519043,235.5,287,1.4
8200,0.512973,234.85,287,1.4
8300,0.506958,234.2,287,1.4
8400,0.500997,233.55,287,1.4
8500,0.49509,232.9,287,1.4
8600,0.489236,232.25,287,1.4
8700,0.483435,231.6,287,1.4
8800,0.477687,230.95,287,1.4
8900,0.471992,230.3,287,1.4
9000,0.466348,229.65,287,1.4
9100,0.460756,229,287,1.4
9200,0.455216,228.35,287,1.4
9300,0.449727,227.7,287,1.4
9400,0.444289,227.05,287,1.4
9500,0.438901,226.4,287,1.4
9600,0.433563,225.75,287,1.4
9700,0.428275,225.1,287,1.4
9800,0.423036,224.45,287,1.4
9900,0.417847,223.8,287,1.4
10000,0.412707,223.15,287,1.4
10100,0.407615,222.5,287,1.4
10200,0.402571,221.85,287,1.4
10300,0.397575,221.2,287,1.4
10400,0.392627,220.55,287,1.4
10500,0.387725,219.9,287,1.4
10600,0.382871,219.25,287,1.4
10700,0.378064,218.6,287,1.4
10800,0.373303,217.95,287,1.4
10900,0.368588,217.3,287,1.4
11000,0.363918,216.65,287,1.4
11100,0.358224,216.65,287,1.4
11200,0.35262,216.65,287,1.4
11300,0.347103,216.65,287,1.4
11400,0.341673,216.65,287,1.4
11500,0.336327,216.65,287,1.4
11600,0.331065,216.65,287,1.4
11700,0.325886,216.65,287,1.4
11800,0.320787,216.65,287,1.4
11900,0.315768,216.65,287,1.4
12000,0.310828,216.65,287,1.4
12100,0.305965,216.65,287,1.4
12200,0.301178,216.65,287,1.4
12300,0.296466,216.65,287,1.4
12400,0.291828,216.65,287,1.4
12500,0.287262,216.65,287,1.4
12600,0.282768,216.65,287,1.4
12700,0.278344,216.65,287,1.4
12800,0.273989,216.65,287,1.4
12900,0.269703,216.65,287,1.4
13000,0.265483,216.65,287,1.4
13100,0.26133,216.65,287,1.4
13200,0.257241,216.65,287,1.4
13300,0.253217,216.65,287,1.4
13400,0.249255,216.65,287,1.4
13500,0.245355,216.65,287,1.4
13600,0.241517,216.65,287,1.4
13700,0.237738,216.65,287,1.4
13800,0.234019,216.65,287,1.4
13900,0.230357,216.65,287,1.4
14000,0.226753,216.65,287,1.4
14100,0.223206,216.65,287,1.4
14200,0.219714,216.65,287,1.4
14300,0.216276,216.65,287,1.4
14400,0.212893,216.65,287,1.4
14500,0.209562,216.65,287,1.4
14600,0.206283,216.65,287,1.4
14700,0.203056,216.65,287,1.4
14800,0.199879,216.65,287,1.4
14900,0.196752,216.65,287,1.4
15000,0.193674,216.65,287,1.4
15100,0.190644,216.65,287,1.4
15200,0.187661,216.65,287,1.4
15300,0.184725,216.65,287,1.4
15400,0.181835,216.65,287,1.4
15500,0.17899,216.65,287,1.4
15600,0.17619,216.65,287,1.4
15700,0.173433,216.65,287,1.4
15800,0.17072,216.65,287,1.4
15900,0.168049,216.65,287,1.4
16000,0.16542,216.65,287,1.4
16100,0.162832,216.65,287,1.4
16200,0.160284,216.65,287,1.4
16300,0.157777,216.65,287,1.4
16400,0.155308,216.65,287,1.4
16500,0.152878,216.65,287,1.4
16600,0.150487,216.65,287,1.4
16700,0.148132,216.65,287,1.4
16800,0.145815,216.65,287,1.4
16900,0.143533,216.65,287,1.4
17000,0.141288,216.65,287,1.4
17100,0.139077,216.65,287,1.4
17200,0.136901,216.65,287,1.4
17300,0.134759,216.65,287,1.4
17400,0.132651,216.65,287,1.4
17500,0.130576,216.65,287,1.4
17600,0.128533,216.65,287,1.4
17700,0.126522,216.65,287,1.4
17800,0.124543,216.65,287,1.4
17900,0.122594,216.65,287,1.4
18000,0.120676,216.65,287,1.4
18100,0.118788,216.65,287,1.4
18200,0.11693,216.65,287,1.4
18300,0.1151,216.65,287,1.4
18400,0.113299,216.65,287,1.4
18500,0.111527,216.65,287,1.4
18600,0.109782,216.65,287,1.4
18700,0.108064,216.65,287,1.4
18800,0.106374,216.65,287,1.4
18900,0.10471,216.65,287,1.4
19000,0.103071,216.65,287,1.4
19100,0.101459,216.65,287,1.4
19200,0.0998714,216.65,287,1.4
19300,0.0983089,216.65,287,1.4
19400,0.0967709,216.65,287,1.4
19500,0.0952569,216.65,287,1.4
19600,0.0937666,216.65,287,1.4
19700,0.0922996,216.65,287,1.4
19800,0.0908555,216.65,287,1.4
19900,0.0894341,216.65,287,1.4
20000,0.0880349,216.65,287,1.4
20100,0.0866179,216.75,287,1.4
20200,0.0852243,216.85,287,1.4
20300,0.0838538,216.95,287,1.4
20400,0.082506,217.05,287,1.4
20500,0.0811804,217.15,287,1.4
20600,0.0798768,217.25,287,1.4
20700,0.0785946,217.35,287,1.4
20800,0.0773336,217.45,287,1.4
20900,0.0760934,217.55,287,1.4
21000,0.0748737,217.65,287,1.4
21100,0.073674,217.75,287,1.4
21200,0.0724941,217.85,287,1.4
21300,0.0713336,217.95,287,1.4
21400,0.0701923,218.05,287,1.4
21500,0.0690697,218.15,287,1.4
21600,0.0679655,218.25,287,1.4
21700,0.0668795,218.35,287,1.4
21800,0.0658114,218.45,287,1.4
21900,0.0647607,218.55,287,1.4
22000,0.0637273,218.65,287,1.4
22100,0.0627109,218.75,287,1.4
22200,0.0617111,218.85,287,1.4
22300,0.0607278,218.95,287,1.4
22400,0.0597605,219.05,287,1.4
22500,0.0588091,219.15,287,1.4
22600,0.0578732,219.25,287,1.4
22700,0.0569526,219.35,287,1.4
22800,0.0560471,219.45,287,1.4
22900,0.0551564,219.55,287,1.4
23000,0.0542803,219.65,287,1.4
23100,0.0534184,219.75,287,1.4
23200,0.0525706,219.85,287,1.4
23300,0.0517367,219.95,287,1.4
23400,0.0509164,220.05,287,1.4
23500,0.0501094,220.15,287,1.4
23600,0.0493155,220.25,287,1.4
23700,0.0485346,220.35,287,1.4
23800,0.0477665,220.45,287,1.4
23900,0.0470108,220.55,287,1.4
24000,0.0462674,220.65,287,1.4
24100,0.045536,220.75,287,1.4
24200,0.0448166,220.85,287,1.4
24300,0.0441089,220.95,287,1.4
24400,0.0434126,221.05,287,1.4
24500,0.0427276,221.15,287,1.4
24600,0.0420538,221.25,287,1.4
24700,0.0413909,221.35,287,1.4
24800,0.0407387,221.45,287,1.4
24900,0.0400971,221.55,287,1.4
25000,0.0394658,221.65,287,1.4
25100,0.0388448,221.75,287,1.4
25200,0.0382338,221.85,287,1.4
25300,0.0376327,221.95,287,1.4
25400,0.0370414,222.05,287,1.4
25500,0.0364595,222.15,287,1.4
25600,0.0358871,222.25,287,1.4
25700,0.0353239,222.35,287,1.4
25800,0.0347698,222.45,287,1.4
25900,0.0342246,222.55,287,1.4
26000,0.0336882,222.65,287,1.4
26100,0.0331605,222.75,287,1.4
26200,0.0326413,222.85,287,1.4
26300,0.0321304,222.95,287,1.4
26400,0.0316277,223.05,287,1.4
26500,0.0311331,223.15,287,1.4
26600,0.0306465,223.25,287,1.4
26700,0.0301677,223.35,287,1.4
26800,0.0296966,223.45,287,1.4
26900,0.029233,223.55,287,1.4
27000,0.0287769,223.65,287,1.4
27100,0.0283281,223.75,287,1.4
27200,0.0278865,223.85,287,1.4
27300,0.0274519,223.95,287,1.4
27400,0.0270244,224.05,287,1.4
27500,0.0266036,224.15,287,1.4
27600,0.0261896,224.25,287,1.4
27700,0.0257823,224.35,287,1.4
27800,0.0253814,224.45,287,1.4
27900,0.024987,224.55,287,1.4
28000,0.0245988,224.65,287,1.4
28100,0.0242169,224.75,287,1.4
28200,0.023841,224.85,287,1.4
28300,0.0234712,224.95,287,1.4
28400,0.0231072,225.05,287,1.4
28500,0.022749,225.15,287,1.4
28600,0.0223966,225.25,287,1.4
28700,0.0220498,225.35,287,1.4
28800,0.0217084,225.45,287,1.4
28900,0.0213726,225.55,287,1.4
29000,0.021042,225.65,287,1.4
29100,0.0207167,225.75,287,1.4
29200,0.0203966,225.85,287,1.4
29300,0.0200816,225.95,287,1.4
29400,0.0197716,226.05,287,1.4
29500,0.0194664,226.15,287,1.4
29600,0.0191662,226.25,287,1.4
29700,0.0188707,226.35,287,1.4
29800,0.0185798,226.45,287,1.4
29900,0.0182936,226.55,287,1.4
30000,0.0180119,226.65,287,1.4
30100,0.0177347,226.75,287,1.4
30200,0.0174619,226.85,287,1.4
30300,0.0171934,226.95,287,1.4
30400,0.0169291,227.05,287,1.4
30500,0.016669,227.15,287,1.4
30600,0.016413,227.25,287,1.4
30700,0.016161,227.35,287,1.4
30800,0.015913,227.45,287,1.4
30900,0.015669,227.55,287,1.4
31000,0.0154288,227.65,287,1.4
31100,0.0151923,227.75,287,1.4
31200,0.0149596,227.85,287,1.4
31300,0.0147306,227.95,287,1.4
31400,0.0145051,228.05,287,1.4
31500,0.0142832,228.15,287,1.4
31600,0.0140648,228.25,287,1.4
31700,0.0138499,228.35,287,1.4
31800,0.0136383,228.45,287,1.4
31900,0.01343,228.55,287,1.4
32000,0.013225,228.65,287,1.4
32100,0.0130131,228.93,287,1.4
32200,0.0128048,229.21,287,1.4
32300,0.0126001,229.49,287,1.4
32400,0.0123989,229.77,287,1.4
32500,0.0122011,230.05,287,1.4
32600,0.0120068,230.33,287,1.4
32700,0.0118157,230.61,287,1.4
32800,0.011628,230.89,287,1.4
32900,0.0114434,231.17,287,1.4
33000,0.011262,231.45,287,1.4
33100,0.0110837,231.73,287,1.4
33200,0.0109084,232.01,287,1.4
33300,0.0107361,232.29,287,1.4
33400,0.0105667,232.57,287,1.4
33500,0.0104002,232.85,287,1.4
33600,0.0102365,233.13,287,1.4
33700,0.0100756,233.41,287,1.4
33800,0.00991734,233.69,287,1.4
33900,0.00976181,233.97,287,1.4
34000,0.00960889,234.25,287,1.4
34100,0.00945855,234.53,287,1.4
34200,0.00931073,234.81,287,1.4
34300,0.0091654,235.09,287,1.4
34400,0.0090225,235.37,287,1.4
34500,0.008882,235.65,287,1.4
34600,0.00874385,235.93,287,1.4
34700,0.008608,236.21,287,1.4
34800,0.00847443,236.49,287,1.4
34900,0.00834308,236.77,287,1.4
35000,0.00821392,237.05,287,1.4
35100,0.00808691,237.33,287,1.4
35200,0.00796201,237.61,287,1.4
35300,0.00783918,237.89,287,1.4
35400,0.00771839,238.17,287,1.4
35500,0.00759959,238.45,287,1.4
35600,0.00748277,238.73,287,1.4
35700,0.00736787,239.01,287,1.4
35800,0.00725486,239.29,287,1.4
35900,0.00714372,239.57,287,1.4
36000,0.00703441,239.85,287,1.4
36100,0.0069269,240.13,287,1.4
36200,0.00682115,240.41,287,1.4
36300,0.00671714,240.69,287,1.4
36400,0.00661483,240.97,287,1.4
36500,0.00651419,241.25,287,1.4
36600,0.0064152,241.53,287,1.4
36700,0.00631783,241.81,287,1.4
36800,0.00622205,242.09,287,1.4
36900,0.00612782,242.37,287,1.4
37000,0.00603513,242.65,287,1.4
37100,0.00594394,242.93,287,1.4
37200,0.00585424,243.21,287,1.4
37300,0.00576599,243.49,287,1.4
37400,0.00567917,243.77,287,1.4
37500,0.00559375,244.05,287,1.4
37600,0.00550972,244.33,287,1.4
37700,0.00542704,244.61,287,1.4
37800,0.00534569,244.89,287,1.4
37900,0.00526566,245.17,287,1.4
38000,0.00518691,245.45,287,1.4
38100,0.00510943,245.73,287,1.4
38200,0.00503319,246.01,287,1.4
38300,0.00495817,246.29,287,1.4
38400,0.00488436,246.57,287,1.4
38500,0.00481172,246.85,287,1.4
38600,0.00474025,247.13,287,1.4
38700,0.00466992,247.41,287,1.4
38800,0.00460071,247.69,287,1.4
38900,0.0045326,247.97,287,1.4
39000,0.00446557,248.25,287,1.4
39100,0.00439961,248.53,287,1.4
39200,0.0043347,248.81,287,1.4
39300,0.00427081,249.09,287,1.4
39400,0.00420794,249.37,287,1.4
39500,0.00414606,249.65,287,1.4
39600,0.00408516,249.93,287,1.4
39700,0.00402522,250.21,287,1.4
39800,0.00396623,250.49,287,1.4
39900,0.00390816,250.77,287,1.4
40000,0.00385101,251.05,287,1.4
40100,0.00379476,251.33,287,1.4
40200,0.00373939,251.61,287,1.4
40300,0.00368488,251.89,287,1.4
40400,0.00363123,252.17,287,1.4
40500,0.00357842,252.45,287,1.4
40600,0.00352644,252.73,287,1.4
40700,0.00347527,253.01,287,1.4
40800,0.00342489,253.29,287,1.4
40900,0.0033753,253.57,287,1.4
41000,0.00332648,253.85,287,1.4
41100,0.00327842,254.13,287,1.4
41200,0.00323111,254.41,287,1.4
41300,0.00318453,254.69,287,1.4
41400,0.00313867,254.97,287,1.4
41500,0.00309352,255.25,287,1.4
41600,0.00304907,255.53,287,1.4
41700,0.00300531,255.81,287,1.4
41800,0.00296222,256.09,287,1.4
41900,0.00291979,256.37,287,1.4
42000,0.00287802,256.65,287,1.4
42100,0.00283689,256.93,287,1.4
42200,0.00279639,257.21,287,1.4
42300,0.00275651,257.49,287,1.4
42400,0.00271725,257.77,287,1.4
42500,0.00267858,258.05,287,1.4
42600,0.00264051,258.33,287,1.4
42700,0.00260302,258.61,287,1.4
42800,0.00256609,258.89,287,1.4
42900,0.00252974,259.17,287,1.4
43000,0.00249393,259.45,287,1.4
43100,0.00245867,259.73,287,1.4
43200,0.00242395,260.01,287,1.4
43300,0.00238975,260.29,287,1.4
43400,0.00235607,260.57,287,1.4
43500,0.00232291,260.85,287,1.4
43600,0.00229024,261.13,287,1.4
43700,0.00225807,261.41,287,1.4
43800,0.00222638,261.69,287,1.4
43900,0.00219517,261.97,287,1.4
44000,0.00216443,262.25,287,1.4
44100,0.00213415,262.53,287,1.4
44200,0.00210433,262.81,287,1.4
44300,0.00207496,263.09,287,1.4
44400,0.00204602,263.37,287,1.4
44500,0.00201752,263.65,287,1.4
44600,0.00198945,263.93,287,1.4
44700,0.0019618,264.21,287,1.4
44800,0.00193456,264.49,287,1.4
44900,0.00190772,264.77,287,1.4
45000,0.00188129,265.05,287,1.4
45100,0.00185525,265.33,287,1.4
45200,0.0018296,265.61,287,1.4
45300,0.00180432,265.89,287,1.4
45400,0.00177943,266.17,287,1.4
45500,0.0017549,266.45,287,1.4
45600,0.00173074,266.73,287,1.4
45700,0.00170693,267.01,287,1.4
45800,0.00168348,267.29,287,1.4
45900,0.00166037,267.57,287,1.4
46000,0.0016376,267.85,287,1.4
46100,0.00161517,268.13,287,1.4
46200,0.00159307,268.41,287,1.4
46300,0.00157129,268.69,287,1.4
46400,0.00154983,268.97,287,1.4
46500,0.00152869,269.25,287,1.4
46600,0.00150786,269.53,287,1.4
46700,0.00148733,269.81,287,1.4
46800,0.0014671,270.09,287,1.4
46900,0.00144717,270.37,287,1.4
47000,0.00142753,270.65,287,1.4
47100,0.00140963,270.65,287,1.4
47200,0.00139195,270.65,287,1.4
47300,0.00137449,270.65,287,1.4
47400,0.00135725,270.65,287,1.4
47500,0.00134022,270.65,287,1.4
47600,0.00132341,270.65,287,1.4
47700,0.00130681,270.65,287,1.4
47800,0.00129042,270.65,287,1.4
47900,0.00127423,270.65,287,1.4
48000,0.00125825,270.65,287,1.4
48100,0.00124247,270.65,287,1.4
48200,0.00122688,270.65,287,1.4
48300,0.00121149,270.65,287,1.4
48400,0.0011963,270.65,287,1.4
48500,0.00118129,270.65,287,1.4
48600,0.00116647,270.65,287,1.4
48700,0.00115184,270.65,287,1.4
48800,0.00113739,270.65,287,1.4
48900,0.00112313,270.65,287,1.4
49000,0.00110904,270.65,287,1.4
49100,0.00109513,270.65,287,1.4
49200,0.00108139,270.65,287,1.4
49300,0.00106783,270.65,287,1.4
49400,0.00105443,270.65,287,1.4
49500,0.00104121,270.65,287,1.4
49600,0.00102815,270.65,287,1.4
49700,0.00101525,270.65,287,1.4
49800,0.00100252,270.65,287,1.4
49900,0.000989942,270.65,287,1.4
50000,0.000977525,270.65,287,1.4
50100,0.000965264,270.65,287,1.4
50200,0.000953156,270.65,287,1.4
50300,0.0009412,270.65,287,1.4
50400,0.000929395,270.65,287,1.4
50500,0.000917737,270.65,287,1.4
50600,0.000906225,270.65,287,1.4
50700,0.000894858,270.65,287,1.4
50800,0.000883634,270.65,287,1.4
50900,0.00087255,270.65,287,1.4
51000,0.000861606,270.65,287,1.4
51100,0.000851674,270.37,287,1.4
51200,0.000841846,270.09,287,1.4
51300,0.000832122,269.81,287,1.4
51400,0.0008225,269.53,287,1.4
51500,0.00081298,269.25,287,1.4
51600,0.00080356,268.97,287,1.4
51700,0.00079424,268.69,287,1.4
51800,0.000785018,268.41,287,1.4
51900,0.000775894,268.13,287,1.4
52000,0.000766867,267.85,287,1.4
52100,0.000757935,267.57,287,1.4
52200,0.000749098,267.29,287,1.4
52300,0.000740355,267.01,287,1.4
52400,0.000731705,266.73,287,1.4
52500,0.000723147,266.45,287,1.4
52600,0.000714681,266.17,287,1.4
52700,0.000706305,265.89,287,1.4
52800,0.000698018,265.61,287,1.4
52900,0.00068982,265.33,287,1.4
53000,0.00068171,265.05,287,1.4
53100,0.000673687,264.77,287,1.4
53200,0.000665749,264.49,287,1.4
53300,0.000657897,264.21,287,1.4
53400,0.00065013,263.93,287,1.4
53500,0.000642446,263.65,287,1.4
53600,0.000634845,263.37,287,1.4
53700,0.000627326,263.09,287,1.4
53800,0.000619888,262.81,287,1.4
53900,0.00061253,262.53,287,1.4
54000,0.000605252,262.25,287,1.4
54100,0.000598053,261.97,287,1.4
54200,0.000590932,261.69,287,1.4
54300,0.000583888,261.41,287,1.4
54400,0.000576921,261.13,287,1.4
54500,0.00057003,260.85,287,1.4
54600,0.000563214,260.57,287,1.4
54700,0.000556472,260.29,287,1.4
54800,0.000549803,260.01,287,1.4
54900,0.000543208,259.73,287,1.4
55000,0.000536684,259.45,287,1.4
55100,0.000530232,259.17,287,1.4
55200,0.000523851,258.89,287,1.4
55300,0.000517539,258.61,287,1.4
55400,0.000511298,258.33,287,1.4
55500,0.000505124,258.05,287,1.4
55600,0.000499019,257.77,287,1.4
55700,0.000492981,257.49,287,1.4
55800,0.000487009,257.21,287,1.4
55900,0.000481104,256.93,287,1.4
56000,0.000475263,256.65,287,1.4
56100,0.000469488,256.37,287,1.4
56200,0.000463776,256.09,287,1.4
56300,0.000458128,255.81,287,1.4
56400,0.000452542,255.53,287,1.4
56500,0.000447019,255.25,287,1.4
56600,0.000441557,254.97,287,1.4
56700,0.000436156,254.69,287,1.4
56800,0.000430815,254.41,287,1.4
56900,0.000425534,254.13,287,1.4
57000,0.000420311,253.85,287,1.4
57100,0.000415147,253.57,287,1.4
57200,0.000410041,253.29,287,1.4
57300,0.000404993,253.01,287,1.4
57400,0.000400001,252.73,287,1.4
57500,0.000395065,252.45,287,1.4
57600,0.000390184,252.17,287,1.4
57700,0.000385359,251.89,287,1.4
57800,0.000380588,251.61,287,1.4
57900,0.000375871,251.33,287,1.4
58000,0.000371207,251.05,287,1.4
58100,0.000366596,250.77,287,1.4
58200,0.000362037,250.49,287,1.4
58300,0.000357529,250.21,287,1.4
58400,0.000353073,249.93,287,1.4
58500,0.000348668,249.65,287,1.4
58600,0.000344313,249.37,287,1.4
58700,0.000340007,249.09,287,1.4
58800,0.00033575,248.81,287,1.4
58900,0.000331542,248.53,287,1.4
59000,0.000327382,248.25,287,1.4
59100,0.00032327,247.97,287,1.4
59200,0.000319205,247.69,287,1.4
59300,0.000315186,247.41,287,1.4
59400,0.000311214,247.13,287,1.4
59500,0.000307287,246.85,287,1.4
59600,0.000303405,246.57,287,1.4
59700,0.000299568,246.29,287,1.4
59800,0.000295775,246.01,287,1.4
59900,0.000292027,245.73,287,1.4
60000,0.000288321,245.45,287,1.4
60100,0.000284658,245.17,287,1.4
60200,0.000281038,244.89,287,1.4
60300,0.000277459,244.61,287,1.4
60400,0.000273923,244.33,287,1.4
60500,0.000270427,244.05,287,1.4
60600,0.000266972,243.77,287,1.4
60700,0.000263557,243.49,287,1.4
60800,0.000260182,243.21,287,1.4
60900,0.000256847,242.93,287,1.4
61000,0.00025355,242.65,287,1.4
61100,0.000250292,242.37,287,1.4
61200,0.000247072,242.09,287,1.4
61300,0.00024389,241.81,287,1.4
61400,0.000240746,241.53,287,1.4
61500,0.000237638,241.25,287,1.4
61600,0.000234567,240.97,287,1.4
61700,0.000231532,240.69,287,1.4
61800,0.000228533,240.41,287,1.4
61900,0.000225569,240.13,287,1.4
62000,0.00022264,239.85,287,1.4
62100,0.000219746,239.57,287,1.4
62200,0.000216886,239.29,287,1.4
62300,0.000214061,239.01,287,1.4
62400,0.000211268,238.73,287,1.4
62500,0.000208509,238.45,287,1.4
62600,0.000205783,238.17,287,1.4
62700,0.00020309,237.89,287,1.4
62800,0.000200428,237.61,287,1.4
62900,0.000197798,237.33,287,1.4
63000,0.0001952,237.05,287,1.4
63100,0.000192633,236.77,287,1.4
63200,0.000190097,236.49,287,1.4
63300,0.000187591,236.21,287,1.4
63400,0.000185115,235.93,287,1.4
63500,0.000182669,235.65,287,1.4
63600,0.000180253,235.37,287,1.4
63700,0.000177865,235.09,287,1.4
63800,0.000175507,234.81,287,1.4
63900,0.000173177,234.53,287,1.4
64000,0.000170875,234.25,287,1.4
64100,0.000168601,233.97,287,1.4
64200,0.000166355,233.69,287,1.4
64300,0.000164136,233.41,287,1.4
64400,0.000161944,233.13,287,1.4
64500,0.000159778,232.85,287,1.4
64600,0.000157639,232.57,287,1.4
64700,0.000155527,232.29,287,1.4
64800,0.00015344,232.01,287,1.4
64900,0.000151378,231.73,287,1.4
65000,0.000149342,231.45,287,1.4
65100,0.000147331,231.17,287,1.4
65200,0.000145344,230.89,287,1.4
65300,0.000143382,230.61,287,1.4
65400,0.000141444,230.33,287,1.4
65500,0.00013953,230.05,287,1.4
65600,0.000137639,229.77,287,1.4
65700,0.000135772,229.49,287,1.4
65800,0.000133928,229.21,287,1.4
65900,0.000132107,228.93,287,1.4
66000,0.000130308,228.65,287,1.4
66100,0.000128532,228.37,287,1.4
66200,0.000126778,228.09,287,1.4
66300,0.000125046,227.81,287,1.4
66400,0.000123335,227.53,287,1.4
66500,0.000121645,227.25,287,1.4
66600,0.000119977,226.97,287,1.4
66700,0.00011833,226.69,287,1.4
66800,0.000116703,226.41,287,1.4
66900,0.000115096,226.13,287,1.4
67000,0.00011351,225.85,287,1.4
67100,0.000111944,225.57,287,1.4
67200,0.000110397,225.29,287,1.4
67300,0.00010887,225.01,287,1.4
67400,0.000107362,224.73,287,1.4
67500,0.000105873,224.45,287,1.4
67600,0.000104403,224.17,287,1.4
67700,0.000102952,223.89,287,1.4
67800,0.000101519,223.61,287,1.4
67900,0.000100104,223.33,287,1.4
68000,9.87069E-05,223.05,287,1.4
68100,9.73279E-05,222.77,287,1.4
68200,9.59663E-05,222.49,287,1.4
68300,9.46222E-05,222.21,287,1.4
68400,9.32952E-05,221.93,287,1.4
68500,9.19852E-05,221.65,287,1.4
68600,0.000090692,221.37,287,1.4
68700,8.94154E-05,221.09,287,1.4
68800,8.81551E-05,220.81,287,1.4
68900,8.69111E-05,220.53,287,1.4
69000,0.000085683,220.25,287,1.4
69100,8.44708E-05,219.97,287,1.4
69200,8.32742E-05,219.69,287,1.4
69300,0.000082093,219.41,287,1.4
69400,8.09272E-05,219.13,287,1.4
69500,7.97764E-05,218.85,287,1.4
69600,7.86406E-05,218.57,287,1.4
69700,7.75195E-05,218.29,287,1.4
69800,0.000076413,218.01,287,1.4
69900,7.53209E-05,217.73,287,1.4
70000,0.000074243,217.45,287,1.4
70100,7.31792E-05,217.17,287,1.4
70200,7.21293E-05,216.89,287,1.4
70300,7.10931E-05,216.61,287,1.4
70400,7.00705E-05,216.33,287,1.4
70500,6.90613E-05,216.05,287,1.4
70600,6.80654E-05,215.77,287,1.4
70700,6.70825E-05,215.49,287,1.4
70800,6.61126E-05,215.21,287,1.4
70900,6.51555E-05,214.93,287,1.4
71000,0.000064211,214.65,287,1.4
71100,6.32556E-05,214.45,287,1.4
71200,6.23136E-05,214.25,287,1.4
71300,6.13847E-05,214.05,287,1.4
71400,6.04688E-05,213.85,287,1.4
71500,5.95657E-05,213.65,287,1.4
71600,5.86753E-05,213.45,287,1.4
71700,5.77974E-05,213.25,287,1.4
71800,5.69318E-05,213.05,287,1.4
71900,5.60784E-05,212.85,287,1.4
72000,0.000055237,212.65,287,1.4
72100,5.44074E-05,212.45,287,1.4
72200,5.35895E-05,212.25,287,1.4
72300,5.27832E-05,212.05,287,1.4
72400,5.19883E-05,211.85,287,1.4
72500,5.12046E-05,211.65,287,1.4
72600,0.000050432,211.45,287,1.4
72700,4.96703E-05,211.25,287,1.4
72800,4.89195E-05,211.05,287,1.4
72900,4.81793E-05,210.85,287,1.4
73000,4.74496E-05,210.65,287,1.4
73100,4.67302E-05,210.45,287,1.4
73200,4.60212E-05,210.25,287,1.4
73300,4.53222E-05,210.05,287,1.4
73400,4.46331E-05,209.85,287,1.4
73500,0.000043954,209.65,287,1.4
73600,4.32845E-05,209.45,287,1.4
73700,4.26246E-05,209.25,287,1.4
73800,4.19741E-05,209.05,287,1.4
73900,4.13329E-05,208.85,287,1.4
74000,0.000040701,208.65,287,1.4
74100,4.00781E-05,208.45,287,1.4
74200,3.94642E-05,208.25,287,1.4
74300,0.000038859,208.05,287,1.4
74400,3.82626E-05,207.85,287,1.4
74500,3.76748E-05,207.65,287,1.4
74600,3.70955E-05,207.45,287,1.4
74700,3.65245E-05,207.25,287,1.4
74800,3.59618E-05,207.05,287,1.4
74900,3.54072E-05,206.85,287,1.4
75000,3.48607E-05,206.65,287,1.4
75100,3.43221E-05,206.45,287,1.4
75200,3.37912E-05,206.25,287,1.4
75300,3.32681E-05,206.05,287,1.4
75400,3.27526E-05,205.85,287,1.4
75500,3.22446E-05,205.65,287,1.4
75600,0.000031744,205.45,287,1.4
75700,3.12507E-05,205.25,287,1.4
75800,3.07645E-05,205.05,287,1.4
75900,3.02855E-05,204.85,287,1.4
76000,2.98135E-05,204.65,287,1.4
76100,2.93484E-05,204.45,287,1.4
76200,2.88901E-05,204.25,287,1.4
76300,2.84385E-05,204.05,287,1.4
76400,2.79935E-05,203.85,287,1.4
76500,2.75551E-05,203.65,287,1.4
76600,2.71231E-05,203.45,287,1.4
76700,2.66975E-05,203.25,287,1.4
76800,2.62781E-05,203.05,287,1.4
76900,0.000025865,202.85,287,1.4
77000,2.54579E-05,202.65,287,1.4
77100,2.50568E-05,202.45,287,1.4
77200,2.46617E-05,202.25,287,1.4
77300,2.42724E-05,202.05,287,1.4
77400,2.38889E-05,201.85,287,1.4
77500,2.35111E-05,201.65,287,1.4
77600,2.31389E-05,201.45,287,1.4
77700,2.27722E-05,201.25,287,1.4
77800,0.000022411,201.05,287,1.4
77900,2.20551E-05,200.85,287,1.4
78000,2.17046E-05,200.65,287,1.4
78100,2.13593E-05,200.45,287,1.4
78200,2.10191E-05,200.25,287,1.4
78300,2.06841E-05,200.05,287,1.4
78400,0.000020354,199.85,287,1.4
78500,2.00289E-05,199.65,287,1.4
78600,1.97087E-05,199.45,287,1.4
78700,1.93932E-05,199.25,287,1.4
78800,1.90826E-05,199.05,287,1.4
78900,1.87765E-05,198.85,287,1.4
79000,1.84751E-05,198.65,287,1.4
79100,1.81783E-05,198.45,287,1.4
79200,1.78859E-05,198.25,287,1.4
79300,1.75979E-05,198.05,287,1.4
79400,1.73143E-05,197.85,287,1.4
79500,1.70349E-05,197.65,287,1.4
79600,1.67598E-05,197.45,287,1.4
79700,1.64889E-05,197.25,287,1.4
79800,1.62221E-05,197.05,287,1.4
79900,1.59593E-05,196.85,287,1.4
80000,1.57005E-05,196.65,287,1.4
80100,1.54457E-05,196.45,287,1.4
80200,1.51948E-05,196.25,287,1.4
80300,1.49476E-05,196.05,287,1.4
80400,1.47043E-05,195.85,287,1.4
80500,1.44647E-05,195.65,287,1.4
80600,1.42287E-05,195.45,287,1.4
80700,1.39964E-05,195.25,287,1.4
80800,1.37676E-05,195.05,287,1.4
80900,1.35423E-05,194.85,287,1.4
81000,1.33205E-05,194.65,287,1.4
81100,1.31021E-05,194.45,287,1.4
81200,0.000012887,194.25,287,1.4
81300,1.26753E-05,194.05,287,1.4
81400,1.24668E-05,193.85,287,1.4
81500,1.22616E-05,193.65,287,1.4
81600,1.20595E-05,193.45,287,1.4
81700,1.18606E-05,193.25,287,1.4
81800,1.16647E-05,193.05,287,1.4
81900,1.14719E-05,192.85,287,1.4
82000,0.000011282,192.65,287,1.4
82100,1.10952E-05,192.45,287,1.4
82200,1.09112E-05,192.25,287,1.4
82300,1.07301E-05,192.05,287,1.4
82400,1.05518E-05,191.85,287,1.4
82500,1.03762E-05,191.65,287,1.4
82600,1.02035E-05,191.45,287,1.4
82700,1.00334E-05,191.25,287,1.4
82800,9.86599E-06,191.05,287,1.4
82900,9.7012E-06,190.85,287,1.4
83000,9.53899E-06,190.65,287,1.4
83100,9.37933E-06,190.45,287,1.4
83200,9.22218E-06,190.25,287,1.4
83300,9.06751E-06,190.05,287,1.4
83400,8.91526E-06,189.85,287,1.4
83500,8.76542E-06,189.65,287,1.4
83600,8.61794E-06,189.45,287,1.4
83700,8.47279E-06,189.25,287,1.4
83800,8.32994E-06,189.05,287,1.4
83900,8.18935E-06,188.85,287,1.4
84000,8.05098E-06,188.65,287,1.4
84100,7.91481E-06,188.45,287,1.4
84200,7.7808E-06,188.25,287,1.4
84300,7.64892E-06,188.05,287,1.4
84400,7.51914E-06,187.85,287,1.4
84500,7.39143E-06,187.65,287,1.4
84600,7.26576E-06,187.45,287,1.4
84700,7.14209E-06,187.25,287,1.4
84800,7.02039E-06,187.05,287,1.4
84900,6.89712E-06,186.946,287,1.4
85000,6.77222E-06,186.946,287,1.4
85100,6.64959E-06,186.946,287,1.4
85200,6.52917E-06,186.946,287,1.4
85300,6.41094E-06,186.946,287,1.4
85400,6.29485E-06,186.946,287,1.4
85500,6.18086E-06,186.946,287,1.4
85600,6.06893E-06,186.946,287,1.4
85700,5.95904E-06,186.946,287,1.4
85800,5.85113E-06,186.946,287,1.4
85900,5.74517E-06,186.946,287,1.4
86000,5.64114E-06,186.946,287,1.4
86100,5.64114E-06,186.946,287,1.4
86200,5.64114E-06,186.946,287,1.4
86300,5.64114E-06,186.946,287,1.4
86400,5.64114E-06,186.946,287,1.4
86500,5.64114E-06,186.946,287,1.4
86600,5.64114E-06,186.946,287,1.4
86700,5.64114E-06,186.946,287,1.4
86800,5.64114E-06,186.946,287,1.4
86900,5.64114E-06,186.946,287,1.4
87000,5.64114E-06,186.946,287,1.4
87100,5.64114E-06,186.946,287,1.4
87200,5.64114E-06,186.946,287,1.4
87300,5.64114E-06,186.946,287,1.4
87400,5.64114E-06,186.946,287,1.4
87500,5.64114E-06,186.946,287,1.4
87600,5.64114E-06,186.946,287,1.4
87700,5.64114E-06,186.946,287,1.4
87800,5.64114E-06,186.946,287,1.4
87900,5.64114E-06,186.946,287,1.4
88000,5.64114E-06,186.946,287,1.4
88100,5.64114E-06,186.946,287,1.4
88200,5.64114E-06,186.946,287,1.4
88300,5.64114E-06,186.946,287,1.4
88400,5.64114E-06,186.946,287,1.4
88500,5.64114E-06,186.946,287,1.4
88600,5.64114E-06,186.946,287,1.4
88700,5.64114E-06,186.946,287,1.4
88800,5.64114E-06,186.946,287,1.4
88900,5.64114E-06,186.946,287,1.4
89000,5.64114E-06,186.946,287,1.4
89100,5.64114E-06,186.946,287,1.4
89200,5.64114E-06,186.946,287,1.4
89300,5.64114E-06,186.946,287,1.4
89400,5.64114E-06,186.946,287,1.4
89500,5.64114E-06,186.946,287,1.4
89600,5.64114E-06,186.946,287,1.4
89700,5.64114E-06,186.946,287,1.4
89800,5.64114E-06,186.946,287,1.4
89900,5.64114E-06,186.946,287,1.4
90000,5.64114E-06,186.946,287,1.4
90100,5.64114E-06,186.946,287,1.4
90200,5.64114E-06,186.946,287,1.4
90300,5.64114E-06,186.946,287,1.4
90400,5.64114E-06,186.946,287,1.4
90500,5.64114E-06,186.946,287,1.4
90600,5.64114E-06,186.946,287,1.4
90700,5.64114E-06,186.946,287,1.4
90800,5.64114E-06,186.946,287,1.4
90900,5.64114E-06,186.946,287,1.4
91000,5.64114E-06,186.946,287,1.4
91100,5.64114E-06,186.946,287,1.4
91200,5.64114E-06,186.946,287,1.4
91300,5.64114E-06,186.946,287,1.4
91400,5.64114E-06,186.946,287,1.4
91500,5.64114E-06,186.946,287,1.4
91600,5.64114E-06,186.946,287,1.4
91700,5.64114E-06,186.946,287,1.4
91800,5.64114E-06,186.946,287,1.4
91900,5.64114E-06,186.946,287,1.4
92000,5.64114E-06,186.946,287,1.4
92100,5.64114E-06,186.946,287,1.4
92200,5.64114E-06,186.946,287,1.4
92300,5.64114E-06,186.946,287,1.4
92400,5.64114E-06,186.946,287,1.4
92500,5.64114E-06,186.946,287,1.4
92600,5.64114E-06,186.946,287,1.4
92700,5.64114E-06,186.946,287,1.4
92800,5.64114E-06,186.946,287,1.4
92900,5.64114E-06,186.946,287,1.4
93000,5.64114E-06,186.946,287,1.4
93100,5.64114E-06,186.946,287,1.4
93200,5.64114E-06,186.946,287,1.4
93300,5.64114E-06,186.946,287,1.4
93400,5.64114E-06,186.946,287,1.4
93500,5.64114E-06,186.946,287,1.4
93600,5.64114E-06,186.946,287,1.4
93700,5.64114E-06,186.946,287,1.4
93800,5.64114E-06,186.946,287,1.4
93900,5.64114E-06,186.946,287,1.4
94000,5.64114E-06,186.946,287,1.4
94100,5.64114E-06,186.946,287,1.4
94200,5.64114E-06,186.946,287,1.4
94300,5.64114E-06,186.946,287,1.4
94400,5.64114E-06,186.946,287,1.4
94500,5.64114E-06,186.946,287,1.4
94600,5.64114E-06,186.946,287,1.4
94700,5.64114E-06,186.946,287,1.4
94800,5.64114E-06,186.946,287,1.4
94900,5.64114E-06,186.946,287,1.4
95000,5.64114E-06,186.946,287,1.4
95100,5.64114E-06,186.946,287,1.4
95200,5.64114E-06,186.946,287,1.4
95300,5.64114E-06,186.946,287,1.4
95400,5.64114E-06,186.946,287,1.4
95500,5.64114E-06,186.946,287,1.4
95600,5.64114E-06,186.946,287,1.4
95700,5.64114E-06,186.946,287,1.4
95800,5.64114E-06,186.946,287,1.4
95900,5.64114E-06,186.946,287,1.4
96000,5.64114E-06,186.946,287,1.4
96100,5.64114E-06,186.946,287,1.4
96200,5.64114E-06,186.946,287,1.4
96300,5.64114E-06,186.946,287,1.4
96400,5.64114E-06,186.946,287,1.4
96500,5.64114E-06,186.946,287,1.4
96600,5.64114E-06,186.946,287,1.4
96700,5.64114E-06,186.946,287,1.4
96800,5.64114E-06,186.946,287,1.4
96900,5.64114E-06,186.946,287,1.4
97000,5.64114E-06,186.946,287,1.4
97100,5.64114E-06,186.946,287,1.4
97200,5.64114E-06,186.946,287,1.4
97300,5.64114E-06,186.946,287,1.4
97400,5.64114E-06,186.946,287,1.4
97500,5.64114E-06,186.946,287,1.4
97600,5.64114E-06,186.946,287,1.4
97700,5.64114E-06,186.946,287,1.4
97800,5.64114E-06,186.946,287,1.4
97900,5.64114E-06,186.946,287,1.4
98000,5.64114E-06,186.946,287,1.4
98100,5.64114E-06,186.946,287,1.4
98200,5.64114E-06,186.946,287,1.4
98300,5.64114E-06,186.946,287,1.4
98400,5.64114E-06,186.946,287,1.4
98500,5.64114E-06,186.946,287,1.4
98600,5.64114E-06,186.946,287,1.4
98700,5.64114E-06,186.946,287,1.4
98800,5.64114E-06,186.946,287,1.4
98900,5.64114E-06,186.946,287,1.4
99000,5.64114E-06,186.946,287,1.4
99100,5.64114E-06,186.946,287,1.4
99200,5.64114E-06,186.946,287,1.4
99300,5.64114E-06,186.946,287,1.4
99400,5.64114E-06,186.946,287,1.4
99500,5.64114E-06,186.946,287,1.4
99600,5.64114E-06,186.946,287,1.4
99700,5.64114E-06,186.946,287,1.4
99800,5.64114E-06,186.946,287,1.4
99900,5.64114E-06,186.946,287,1.4
100000,5.64114E-06,186.946,287,1.4
,,,,
,,,,
,,,,
,,,,
,,,,
,,,,
,,,,
,,,,
,,,,
,,,,
,,,,
,,,,
,,,,
,,,,
,,,,
,,,,
,,,,
,,,,
,,,,
,,,,
,,,,
,,,,
,,,,
,,,,
,,,,
,,,,
,,,,
,,,,
,,,,
,,,,
,,,,
,,,,
,,,,
,,,,
,,,,
,,,,
,,,,
,,,,
,,,,
,,,,
,,,,
,,,,
,,,,
,,,,
,,,,
,,,,
,,,,
,,,,
,,,,
,,,,
,,,,
,,,,
,,,,
,,,,
,,,,
,,,,
,,,,
,,,,
,,,,
,,,,
,,,,
,,,,
,,,,
,,,,
,,,,
,,,,
,,,,
,,,,
,,,,
,,,,
,,,,
,,,,
,,,,
,,,,
,,,,
,,,,
,,,,
,,,,
,,,,
,,,,
,,,,
,,,,
,,,,
,,,,
,,,,
,,,,
,,,,
,,,,
,,,,
,,,,
,,,,
,,,,
,,,,
,,,,
,,,,
,,,,
,,,,
,,,,
,,,,
,,,,
,,,,
,,,,
,,,,
,,,,
,,,,
,,,,
,,,,
,,,,
,,,,
,,,,
,,,,
,,,,
,,,,
,,,,
,,,,
,,,,
,,,,
,,,,
,,,,
,,,,
,,,,
,,,,
,,,,
,,,,
,,,,
,,,,
,,,,
,,,,
,,,,
,,,,
,,,,
,,,,
,,,,
,,,,
,,,,
,,,,
,,,,
,,,,
,,,,
,,,,
,,,,
,,,,
,,,,
,,,,
,,,,
,,,,
,,,,
,,,,
,,,,
,,,,
,,,,
,,,,
,,,,
,,,,
,,,,
,,,,
,,,,
,,,,
,,,,
,,,,
,,,,
,,,,
,,,,
,,,,
,,,,
,,,,
,,,,
,,,,
,,,,
,,,,
,,,,
,,,,
,,,,
,,,,
,,,,
,,,,
,,,,